Ciudad,Nombre,Descripcion,Localidad / Comuna,Barrio,Zona,Lat,Lng,N° apartamentos,N° torres,Aptos por piso,Pisos por torre (según descripción),Fecha aprox. entrega,Precio desde (COP),Área construida desde (m²),Área privada desde (m²),Habitaciones,Baños,Espacio disponible (flexible),Espacio para segundo baño,Zonas comunes,Otras características,Recorrido 3D (360°),Presentación online (video),Brochure (PDF),Google Maps,Waze,Dirección proyecto,Sala de ventas,Horario sala de ventas,Correo,URL galias.com.co,Nota
Bogotá,Ronda de Verano,"Cuando vives en una ciudadela, le brindas confort y bienestar a tu familia sin salir de casa ¿Qué esperas para ser parte de esa experiencia? Las Galias te presenta su nuevo lanzamiento, Ronda de verano, un lugar donde vives el “todo incluido” desde tu nuevo hogar.
Nuestro proyecto cuenta con 5 torres, apartamentos con áreas desde de 41.21m2, opción de 2 habitaciones, 1 baños, 1 disponible y más de 10 zonas sociales donde disfrutas de un sinfín de actividades como un asado en familia en la zona bbq, una tarde de amigos en el salón de videojuegos, una tarde de Sauna con amigos y familia.
Ronda de verano tiene una ubicación estratégica, ya que se encuentra situada en la Avenida Ciudad de Cali al sur de la ciudad, permitiéndote constante movilidad y fácil acceso al transporte público de Bogotá.
El todo incluido es una realidad en tu vivienda propia. Sé parte de una experiencia que mejora la calidad de vida de los que más amas.",Bosa,Islandia,Sur,"4,614353","-74,192956",1420,5,,,2026,$234.878.000,"46,12","41,21",2,1,1,Si,"Parque Infantil, Bio Gimnasio, Triciclódromo, Piscina, Zona BBQ, Salón Social, Coworking, Gimnasio, Cancha Múltiple, Zona de Mascotas, Sauna y Turco","Parqueadero Comunal, Ascensor",,,https://galias.com.co/brochures/bogota/Brochure_Ronda-de-la-Verano.pdf,https://goo.gl/maps/f4daiQ32fGaQnzjC6,https://www.waze.com/live-map/directions/colombia/bogota/bogota/bosques-del-mediterraneo?navigate=yes&place=ChIJt_h4pQqfP44RpqJBhWuxmIo,Calle 69C Sur No 84 -50,Calle 69 Sur # 82A – 80,Lunes a Domingo 9:30 Am hasta 5:00Pm,bosquesdelmediterraneo@galias.com.co,https://galias.com.co/proyectos-en-venta/bogota/ronda-de-verano/,
Bogotá,Estacion Fontibon,"¿Si tu vida cambia, tu hogar también? Descúbrelo en el multiespacio
Cuando tu familia crece se requiere de más espacio en casa. Con Estación Fontibón ese espacio ya está incluido en tu nuevo hogar. ¡Solo tienes que adaptarlo! Las Galias te presenta un proyecto de apartamentos adaptables con áreas desde 41.65m2, 2 habitaciones, 1 disponible, 1 baños y más de 10 zonas sociales como Coworking, Piscina, Gimnasio TRX, Salón de Aeróbicos, 7.000 m2 de zonas verdes y senderos peatonales privados para que disfrutes a todo momento.
Hay miles de actividades para la diversión de tu familia desde casa. Además tienes acceso a todos los beneficios de la ciudad a un paso de nuestro proyecto.
Fontibón es un sector que está en crecimiento gracias al comercio e industria de la zona, lo que te permite acceder a vías principales como la Avenida Calle 13 y al transporte público de Bogotá.
Conoce Estación Fontibón y ábrele la puerta a un mundo de posibilidades que cambiarán tu vida.",Fontibón,Puente Grande,Occidente,"4,695008","-74,167581",1340,6,,,2026,$234.878.000,"45,95","41,65",2,1,1,Si,"Juegos Infantiles, Salón de Juegos, Cancha Múltiple, Piscina, Bio Gimnasio, Sauna y Turco, Salón Social, Zona BBQ, Zona de Mascotas, Gimnasio TRX, Coworking, Triciclódromo, Pista de Trote, Salón Lúdico",Parqueadero Comunal,,https://www.youtube.com/watch?v=XGDWU-qysUo,https://galias.com.co/brochures/bogota/Estaci%C3%B3n%20Fontib%C3%B3n.pdf,"https://www.google.com/maps/place/Sala+de+Ventas+Reserva+de+Fontib%C3%B3n/@4.681419,-74.156203,16z/data=!4m12!1m6!3m5!1s0x0:0xb42496950e40772b!2sSala+de+Ventas+Reserva+de+Fontib%C3%B3n!8m2!3d4.6814355!4d-74.1561742!3m4!1s0x0:0xb42496950e40772b!8m2!3d4.6814355!4d-74.1561742?hl=es-ES",https://www.waze.com/es/live-map/directions/colombia/bogota/bogota/ac-13-115-75?navigate=yes&to=place.ChIJLeTs4u6cP44Rkvc_N7Nr6y8&from=ll.4.710989%2C-74.072092,Av Calle 17 # 132-60,Diagonal 16 # 115 – 75,Lunes a Domingo 9:00 Am hasta 5:00Pm,estacionfontibon@galias.com.co,https://galias.com.co/proyectos-en-venta/bogota/estacion-fontibon/,
Bogotá,Moratti Ciudad Hayuelos,"Conoce Moratti Ciudad Hayuelos: Un Espacio Residencial Excepcional en Bogotá
Descubre la experiencia de vida única que te espera en Moratti, un proyecto residencial que redefine la forma de vivir en Bogotá. Compuesto por cuatro torres de hasta 20 pisos, Moratti fusiona diseño vanguardista y comodidades de primer nivel en una ubicación estratégica en el corazón de Fontibón.
Moratti no es solo un conjunto de viviendas; es un oasis de confort y modernidad. Con 1.080 unidades de vivienda que ofrece diferentes opciones para que se acomode a tus necesidades. Las zonas comunes son el alma del proyecto, con salones comunales, cancha, gimnasios y áreas verdes que crean un ambiente comunitario vibrante.
Explora las múltiples opciones de vivienda que ofrece Moratti y déjate cautivar por la visión de un hogar moderno y acogedor.
El hogar de tus sueños te espera en Ciudad Hayuelos. ¡Descubre Moratti y haz realidad tu sueño de un hogar propio.",Fontibón,Guadual Fontibón,Occidente,"4,667906","-74,141999",1080,4,,,2026,$252.919.000,"42,00","37,40",2,1,,Si,"Juegos Infantiles, Coworking, Pista de Trote, Piscina, Zona BBQ, Salón Social, Terraza Transitable, Gimnasio, Triciclódromo, Cancha Múltiple, Zona de Mascotas, Salón de Juegos","Parqueadero Comunal, Terraza Transitrable",,,https://galias.com.co/brochures/bogota/Brochure_Moratti.pdf,"https://maps.google.com/maps/dir//Foretti+Ciudad+Hayuelos+-+Sala+de+Ventas+Ac.+17+%2396b-2+a+96b-98+Bogot%C3%A1/@4.6654939,-74.1446472,16z/data=!4m5!4m4!1m0!1m2!1m1!1s0x8e3f9da980553fd9:0x767efd9a2b763145",https://www.waze.com/es/live-map/directions/colombia/bogota/bogota/ac-13-96b-45?navigate=yes&to=place.EiBBYyAxMyAjOTZiLTQ1LCBCb2dvdMOhLCBDb2xvbWJpYSJQEk4KNAoyCWFATvlgnD-OEfVABFNVSdFKGh4LEO7B7qEBGhQKEgkrVkD47Zw_jhGb69PVSq4sbAwQLSoUChIJ_9iNFPOcP44RRQ7zt8x57yY,Carrera 96C # 16H – 76,Av. Calle 13 # 96C – 80,Lunes a Domingo 9:30 Am hasta 5:30Pm,megaciudadelahayuelos@galias.com.co,https://galias.com.co/proyectos-en-venta/bogota/moratti-ciudad-hayuelos/,
Bogotá,Nexo 119,"Descubre Nexo 119: Donde Tus Sueños de Hogar se Hacen Realidad
Imagina despertar cada día en un espacio diseñado para tu crecimiento, tranquilidad y felicidad. En Nexo 119, te ofrecemos 1,086 apartamentos VIS dentro de un conjunto cerrado exclusivo en Fontibón, donde disfrutarás de:
Zonas verdes y áreas recreativas para compartir en familia.
Edificio comunal de lujo con piscina, gimnasio y salones sociales.
Seguridad 24/7 y entornos diseñados para tu bienestar.
Con financiación flexible y subsidios disponibles, ahora es el momento perfecto para asegurar tu hogar en un lugar moderno, seguro y lleno de comodidades.
¡No dejes pasar esta oportunidad! Agenda una visita hoy mismo y da el primer paso hacia el hogar que siempre soñaste.
¡Reserva ahora y comienza a escribir tu nueva historia!",Fontibón,El Chanco,Occidente,"4,683799","-74,157988",1086,5,,,2028,$266.399.000,"46,54","41,27",2,1,1,Si,"Cancha Múltiple, Juegos Infantiles, Piscina, Salón Social, Gimnasio, Bio Gimnasio, Triciclódromo, Zona BBQ, Sauna y Turco, Salón de Juegos, Coworking, Spinning Room, Zona de Mascotas, Terraza Transitable",Parqueadero Comunal,,https://www.youtube.com/watch?v=XGDWU-qysUo,https://galias.com.co/brochures/bogota/Brochure_Nexo_119.pdf,http://google.com/maps/d/u/0/viewer?mid=1m55uApM5vjR3RGPg_Rnql-_jj3U,https://www.waze.com/en/live-map/directions?to=ll.4.6814569%2C-74.15604115,Carrera 119 N° 15C – 54,Diagonal 16 # 115 – 75,Lunes a Domingo 9:00 Am hasta 5:00 Pm,nexo-119@galias.com.co,https://galias.com.co/proyectos-en-venta/bogota/nexo-119/,
Bogotá,Sabantti Ciudad Hayuelos,,Fontibón,Villemar,Occidente,"4,665924","-74,145572",,,,,,$213.525.000,,,,,,,,,,,,,,,,,,,"Ficha rota en galias.com.co (el listado de Bogotá enlaza a una página 404). Datos de la tarjeta del listado: ""En FONTIBÓN · Última Torre · Apartamentos Flexibles · PRECIO FIJO desde $213.525.000""."
Bogotá,Vertice 115,"Descubre Vértice 115 Fontibón: Tu Nuevo Hogar en Bogotá
Dale la bienvenida a una vida llena de confort y estilo en Vértice 115 Fontibón, tu nuevo hogar en Bogotá. Este innovador proyecto de Vivienda de Interés Social (VIS), situado en la Calle 17 N° 115-10, te ofrece 944 apartamentos modernos y bien diseñados en cuatro impresionantes torres. Aquí, cada día se convierte en una experiencia única gracias a nuestras áreas verdes, un edificio comunal con piscina, gimnasio y salones lúdicos, y un parque central con juegos infantiles y una zona para tus mascotas. Todo lo que necesitas para una vida extraordinaria está aquí.
Vértice 115 Fontibón no es solo un lugar para vivir, sino un espacio donde crear recuerdos y construir tu futuro. Ven y descubre tu nuevo hogar en el corazón de Bogotá, donde la modernidad y la comodidad se encuentran ¡Te esperamos!",Fontibón,Belen,Occidente,"4,682738","-74,154927",944,4,,,2027,$251.319.000,"46,54","41,27",2,1,1,Si,"Cancha Múltiple, Juegos Infantiles, Spinning Room, Zona BBQ, Triciclódromo, Zona de Mascotas, Salón de Juegos, Sauna y Turco, Salón Social, Coworking, Piscina, Zona de Fogata, Bio Gimnasio, Gimnasio, Terraza Transitable",Parqueadero Comunal,,https://www.youtube.com/watch?v=XGDWU-qysUo,https://galias.com.co/brochures/bogota/Brochure_Vertice_115.pdf,http://google.com/maps/d/u/0/viewer?mid=1m55uApM5vjR3RGPg_Rnql-_jj3U,https://www.waze.com/en/live-map/directions?to=ll.4.6814569%2C-74.15604115,Calle 17 # 115-10,Diagonal 16 # 115 – 75,Lunes a Domingo 9:00 Am hasta 5:00 Pm,vertice115@galias.com.co,https://galias.com.co/proyectos-en-venta/bogota/vertice-115/,
Bogotá,Terra Castilla,"¿El hogar de tus sueños tiene todo a tu alcance?
El lugar donde nace tu nuevo hogar está en Terra Castilla, nuevo proyecto tipo ciudadela con zonas sociales y ubicación en sector de alta valorización de la ciudad, a un paso de vías principales como la Avenida Américas, Avenida Ciudad de Cali y el Portal de Transmilenio Banderas
¡En tu propio apartamento vives a un paso de lo que te gusta! Desde un día de Shopping en el Centro comercial Tintal Plaza hasta una tarde soleada en el Parque Metropolitano Cayetano Cañizares. ¡Tienes todo a tu alcance! Incluso sin salir de casa, puedes disfrutar de nuevos momentos en familia en nuestras múltiples y modernas zonas comunes, lugares ideales para divertirse y salir de la rutina.
¿Estás listo para darle el SÍ al proyecto que cambiará tu vida y la de los que más amas? Tu oportunidad de vivienda VIS está en la Terra Castilla, un proyecto hecho por Las Galias. Aplican subsidios de vivienda..",Kennedy,Castilla,Occidente,"4,635321","-74,154108",1946,7,,,2026,$234.878.000,"42,00","36,84",2,1,,Si,"Parque Infantil, Salon de Juegos, 2 Cancha Sintéticas, Piscina, Bio Gimnasio, Sauna, Salón Social, Zona BBQ, Salón Lúdico, Gimnasio, Zona de Mascotas, Terraza Transitable, Minigolf, Triciclódomo, 2 Cancha Multiples, CoWorking, Sauna y Turco",Parqueadero Comunal,,,https://galias.com.co/brochures/bogota/Brochure_Terra_Castilla.pdf,"https://www.google.com/maps/place/Terra+Castilla/@4.6353589,-74.1562861,17z/data=!3m1!4b1!4m5!3m4!1s0x8e3f9d73ba6d3c79:0x331c9b582ef18152!8m2!3d4.6353589!4d-74.1540974?hl=es-ES&shorturl=1",https://www.waze.com/en/live-map/directions?to=ll.4.6356188%2C-74.15404558,Calle 5A # 80G – 58,Calle 5A # 80G – 58,Lunes a Domingo 9:30 Am hasta 5:30Pm,terracastilla@galias.com.co,https://galias.com.co/proyectos-en-venta/bogota/terra-castilla/,
Bogotá,Central 13-65,"Central 13-65 Tu Nuevo Centro de Vida en Bogotá
Descubre el proyecto VIS que transformará Puente Aranda. Central 13-65 es la nueva apuesta de Constructora Las Galias, diseñada para ofrecerte una calidad de vida excepcional en el sector con mayor proyección de la ciudad.
Conectado con todo lo que te importa
Ubicado estratégicamente sobre la Avenida Centenario (Calle 13), en Bogotá, tendrás acceso directo a las principales vías de la ciudad. Rodeado de comercio, servicios y rutas de transporte público, podrás decirle adiós al tráfico y dedicar más tiempo a lo que realmente importa.
Un estilo de vida superior, al alcance de tu bolsillo
Central 13-65 es mucho más que un conjunto residencial, es un verdadero «Club House» diseñado para el bienestar de toda tu familia. Con un diseño imponente de 3 torres de hasta 36 pisos y un total de 1.435 apartamentos, redefinimos el concepto de Vivienda de Interés Social.
Disfruta de espacios exclusivos que te mereces:
Piscinas: Área independiente para adultos y niños.
Gimnasio dotado: Olvídate de las membresías externas.
Zona de relajación: Sauna y baño turco para tu bienestar.
Terrazas con BBQ: El lugar perfecto para tus reuniones familiares con vista a la ciudad.
Salones comunales: Espacios modernos para tus eventos.
Zonas verdes: Áreas seguras para caminar y compartir al aire libre.
Diseño inteligente para tu familia
Nuestros apartamentos tipo VIS cuentan con 1 o 2 alcobas y distribuciones optimizadas que maximizan la entrada de luz natural. Áreas desde 39,75 m² construidos, pensados para que tu hogar sea un espacio cálido y acogedor.
Características clave de tu nuevo hogar:
Parqueaderos: Edificio exclusivo de parqueaderos con disponibilidad para residentes y visitantes, incluyendo zonas para bicicletas.
Inclusión: Contamos con unidades adaptadas para personas con movilidad reducida (PCD).
¡Proyecta tu vida en Central 13-65! Contáctanos ahora y reserva la oportunidad de vivir en el hogar que siempre has soñado.",Puente Aranda,Salazar Gómez,Occidente,"4,635135","-74,116029",1435,3,13-15,hasta 36 pisos,2029,$290.882.000,"39,75","33,45",1,1,1,,"Coworking, Salón Social, Cancha Múltiple, Zona Picnic, Salón de Niños, Sala Premium, Juegos Infantiles, Zonas Verdes, Piscina, Terraza BBQ, Zona Pet, Lobby, Sauna y Turco, Terraza Teppanyaki, Zona de Fogata, Gimnasio, Terraza Transitable, Zona de Descansó","Ascensor, Parqueadero Comunal, Parqueadero Visitantes, Locales Comerciales",Tipo A: https://my.matterport.com/show/?m=QVn8cvjQBJ2; Tipo C: https://my.matterport.com/show/?m=PXzkPfVd5YP,https://www.youtube.com/watch?v=XGDWU-qysUo,https://galias.com.co/brochures/bogota/Brochure_Central13-65.pdf,https://www.google.com/maps/d/embed?mid=1mEtbV7BKCpF63RuAxZZy8vtjYUBoUZQ&hl=es-419&ehbc=2E312F,https://ul.waze.com/ul?ll=4.63513466%2C-74.11602902&navigate=yes&utm_campaign=default&utm_source=waze_website&utm_medium=lm_share_location,Calle 13 # 65-61,Calle 13 # 65-61,Lunes a Domingo 9:00 a.m. hasta 5:00 p.m.,central13-65@galias.com.co,https://galias.com.co/proyectos-en-venta/bogota/central_13-65/,
Bogotá,Vitália,"Vitália Carrera 50: Tu nuevo hogar en el corazón renovado de Bogotá
¿Buscas un apartamento VIS con excelente ubicación, diseño inteligente y que además sea una gran inversión? Vitália Carrera 50 es el proyecto que transforma Puente Aranda en tu nueva oportunidad de tener casa propia, con subsidios, accesibilidad y una calidad de vida que siempre soñaste.
Apartamentos Diseñados para tu Comodidad
1.172 apartamentos VIS en 3 torres modernas de 30 y 34 pisos.
Solo 11 a 13 apartamentos por piso, para mayor privacidad y exclusividad.
Áreas privadas desde 37.25m², con balcón en varios tipos y excelente iluminación.
Entrega con cocina equipada (estufa a gas + mesón en acero inoxidable), sanitarios y enchapes en baño.
Espacios comunes para disfrutar
Aquí no solo compras un apartamento, vives una experiencia completa:
Piscina para adultos y niños con terraza.
Gimnasio completo y cancha múltiple deportiva (doble altura).
Cancha de minipádel y zonas de coworking.
Salones comunales, lobby elegante y portería 24/7.
Zonas de juegos infantiles, BBQ y amplias áreas verdes sobre terrazas transitables.
Más del 30% del proyecto destinado a zonas verdes y recreación.
Parqueaderos comunales, bicicleteros y espacio para micromovilidad.
Una inversión con propósito
¡Vale la pena! Comprar en VITALIA no es solo tener un apartamento, es construir tu futuro:
Precio accesible con subsidios VIS del gobierno.
En una zona de renovación urbana con altísima valorización.
Perfecto para vivir en familia, invertir o generar renta con retorno seguro.
Proyecto en fases con entrega progresiva para que veas tu sueño hecho realidad pronto.
No es solo un apartamento, es tu espacio, tu tranquilidad, tu patrimonio ¡Vive el nuevo Bogotá desde lo más alto!",Puente Aranda,San Rafael Industrial,Occidente,"4,623952","-74,109747",1172,3,,,2028,$270.623.000,"43,10","37,25",1,1,1,Si,"Piscina, Cancha de Mini Pádel, Zona Biosaludable, Juegos Infantiles, Zonas Verdes, Zona de Lectura, Terraza transitable, Salón Social, Mesa de Ping Pong, Cancha Múltiple, Coworking, Zona Lounge, Terraza BBQ, Gimnasio, Lobby",Parqueadero Comunal,Recorrido 360: https://my.matterport.com/show/?m=rXiuAoLkaSs,https://www.youtube.com/watch?v=XGDWU-qysUo,https://galias.com.co/brochures/bogota/Brochure_Vitalia.pdf,http://google.com/maps/d/u/2/edit?mid=1H0NXcs0ajbEQkqg0UpE29E9dCt9QfRc&usp=sharing,https://www.waze.com/es/live-map/directions?to=ll.4.62403584%2C-74.10985351,Av Carrera 50 N° 5C – 81,Av Carrera 50 N° 5C – 81,Lunes a Domingo 9:00 Am hasta 5:00 Pm,vitalia@galias.com.co,https://galias.com.co/proyectos-en-venta/bogota/vitalia/,
Bogotá,Molinos Caracas,"¿Te gustaría vivir sobre una de las avenidas más importantes de la ciudad?
La calidad de vida mejora cuando tu nuevo hogar se rodea de aquello que es importante para ti. Descúbrelo en Molinos Caracas, último proyecto de la mega ciudadela Molinos de aptos VIS, ubicado a unos pocos minutos de la Estación de Transmilenio Molinos. Conformado por 3 torres multifamiliares, el proyecto cuenta con apartamentos desde 33.74 M2, con posibilidad de estudio y disponible, múltiples zonas sociales para disfrutar en familia: salón comunal, espacios verdes, parque infantil, sector de portería, bicicleteros. Su excelente ubicación permite tener acceso a vías principales de la ciudad como la Avenida Caracas, también a rutas de transporte público y sector comercial de la Localidad Rafael Uribe Uribe, un punto estratégico para gozar de un sector de alta valorización y desarrollo.
Te invitamos a conocer más acerca de los beneficios que te brinda esta oportunidad de vivienda VIS con Las Galias. Aplican subsidios.",Rafael Uribe Uribe,El Playón,Sur,"4,559014","-74,122184",656,3,,,2026,$237.013.000,"37,84","33,74",1,1,1,,"Gimnasio, Juegos Infantiles, Salón Social, Sauna y Turco, Cancha Sintética, Zona BBQ, Terraza Transitable, Bio Gimnasio, Salón Lúdico, Salón de Juegos, Salón de Aeróbicos, Gimnasio Semidotado","Parqueadero Comunal, Terraza Transitable, Sauna y Turco, Ascensor",,https://www.youtube.com/watch?v=2lvhf8WoGd4,https://galias.com.co/brochures/bogota/Brochure_Molinos_Caracas.pdf,https://maps.app.goo.gl/pQVeg4jQBcCKoFYz6,https://www.waze.com/es/live-map/directions/co/bogota/bogota/sala-de-ventas-portal-de-molinos-3?navigate=yes&to=place.ChIJvyGqvrKYP44RYV9735RLKdU,Calle 50A Sur # 10A-15,Carrera 10 # 51 Sur-50,Lunes a Domingo 9:30 Am hasta 5:30Pm,portaldemolinos@galias.com.co,https://galias.com.co/proyectos-en-venta/bogota/molinos-caracas/,
Bogotá,CENTRUM TERCER MILENIO,"Las Galias estrena nuevo proyecto de apartamentos en el Centro Histórico de la capital, zona de transformación, cultura e innovación donde tu oportunidad de vivienda propia VIS aguarda.
En Centrum Tercer Milenio encontrarás aptos flexibles con posibilidad de 2 habitación, 1 baño. Adecua tu hogar según las necesidades de tu rutina o familia. También descubrirás múltiples zonas sociales como gimnasio semidotado y zona de juegos para disfrutar increíbles momentos y experimentar la modernidad del proyecto.
Ubícate en uno de los sectores con más alta valorización y desarrollo de la ciudad, el Centro de Bogotá ofrece acceso a puntos de interés culturales, gastronómicos y educativos importantes. De igual manera, brinda cercanía a vías principales como la Carrera Décima, Av. Caracas y Calle 26.
¿Qué esperas para renovar tu estilo de vida? Invierte ahora en Centrum Tercer Milenio.",Santa Fe,Voto Nacional,Centro,"4,596763","-74,084602",656,2,,,2027,$251.319.000,"38,58","33,41",2,1,,Si,"Juegos Infantiles, Senderos de Trote, Gimnasio, Ciclo Rutas, Salón Social, Zona Comercial, Cancha Múltiple, Terraza Transitable, ... Leer Más, ... Leer Menos","Parqueadero Comunal, Ascensor, Zona Comercial",,https://www.youtube.com/watch?v=5gRMWj6pOD8,https://galias.com.co/brochures/bogota/brochure_centrum.pdf,https://www.google.com/maps/d/edit?mid=1lro3_NWxTUe_hcN5TrjC_HRANK1ImBI&ll=4.596822595671529%2C-74.0846762&z=18,https://www.waze.com/en/live-map/directions?to=ll.4.59682%2C-74.08467,Av Calle 6 # 12A -63,Av Calle 6 # 12A -63,Lunes a Domingo 9:30 Am hasta 5:30Pm,centrumtercermilenio@galias.com.co,https://galias.com.co/proyectos-en-venta/bogota/centrum-tercer-milenio/,
Bogotá,Casablanca Gardens,"Casablanca Gardens: Apartamentos VIS en Suba, Bogotá
Bienvenido a Casablanca Gardens, un proyecto de apartamentos VIS en Suba, diseñado para quienes buscan una vida cómoda y accesible en Bogotá. Ubicado en el sector estratégico de Suba, Casablanca Gardens ofrece 336 apartamentos en un entorno cerrado y seguro, ideal para familias que desean estabilidad y tranquilidad.
Con apartamentos de interés social (VIS) de desde 39.00 m², Casablanca Gardens ofrece espacios modernos, funcionales y adaptados a las necesidades actuales. Cada apartamento está diseñado para maximizar el espacio y crear un ambiente acogedor, con opciones de 1 habitación y 1 baño hasta 2 habitaciones y 2 baños y áreas para el descanso familiar.
Este proyecto cuenta con zonas comunes exclusivas para el disfrute de toda la familia como: una cancha múltiple, juegos infantiles, y un gimnasio biosaludable al aire libre.
Además, en las terrazas de las torres encontrarás espacios como coworking, zonas de yoga, cocina social (social kitchen) y áreas de lectura, ideales para quienes desean un estilo de vida integral y conectado.
Casablanca Gardens se integra de manera armónica en el sector de Suba, con acceso fácil por la Carrera 80 y conexiones a vías principales de Bogotá. Además, el proyecto cuenta con parqueaderos para bicicletas y vehículos, promoviendo opciones de movilidad sostenible y seguridad.
Descubre en Casablanca Gardens la oportunidad de invertir en un apartamento VIS en una de las zonas de mayor desarrollo de Bogotá.",Suba,Suba Cerros,Noroccidente,"4,743258","-74,076713",336,6,,,2027,$252.919.000,"39,00","36,10",2,1,,Si,"Salón Social, Zona de Yoga, Salón de Juegos, Bio Gimnasio, Cancha Múltiple, Coworking, Zona BBQ, Zona de Mascotas, Juegos Infantiles",Parqueadero Comunal,,https://www.youtube.com/watch?v=XGDWU-qysUo,https://galias.com.co/brochures/bogota/Brochure_Casablanca_Gardens.pdf,http://google.com/maps/d/u/1/viewer?mid=1gZrH3RLQhZfD-84g1E7drCIBgQcFeqg,https://www.waze.com/es/live-map/directions/co/bogota/bogota/cra.-80-145-85?to=place.EiJDcmEuIDgwICMxNDUtODUsIEJvZ290w6EsIENvbG9tYmlhIjASLgoUChIJBYOYVR2FP44R4eQAl-B5zsoQVSoUChIJrctTAP6EP44RUg0tK1OY_QI,Carrera 80 N° 145 – 75,Carrera 80 N° 145 – 75,Lunes a Domingo 9:00 Am hasta 5:00 Pm,casablancagardens@galias.com.co,https://galias.com.co/proyectos-en-venta/bogota/casa-blanca-gardens/,
Bogotá,Paseo de la Rivera,"Paseo de la Rivera: Vive en Bogotá con todo lo que necesitas
¿Estás buscando una vivienda VIS en Bogotá? Paseo de la Rivera es la opción perfecta para ti. Este proyecto, ubicado en la ciudadela Bosques del Mediterráneo, te ofrece espacios cómodos, modernos y con todos los servicios que necesitas para vivir una vida plena.
Ubicación privilegiada sobre la av ciudad de Cali con calle 69 sur. Fácil acceso a las principales vías de la ciudad. Además, está rodeado de áreas verdes y de servicios como supermercados, colegios, hospitales y a pocos minutos del centro comercial Gran Plaza.",Bosa,Islandia,Sur,"4,614205","-74,192460",891,4,,,2025,$213.525.000,"46,14","41,49",2,1,1,Si,"Juegos Infantiles, Bio Gimnasio, Triciclódromo, Piscina, Zona BBQ, Terraza Transitable, Salón Comunal, Cancha Múltiple, Gimnasio, Sauna y Turco, Zona de Mascotas, Bicicleteros","Parqueadero Comunal, Terraza Transitable",,https://www.youtube.com/watch?v=inObT4uKguw,https://www.galias.com.co/brochures/bogota/Brochure_Paseo-de-la-Rivera.pdf,https://goo.gl/maps/uBV2Hnf7J2WiJKzm8,https://www.waze.com/live-map/directions/colombia/bogota/bogota/bosques-del-mediterraneo?navigate=yes&place=ChIJt_h4pQqfP44RpqJBhWuxmIo,Calle 69C Sur # 84 – 50,Calle 69 Sur N° 82A – 99,Lunes a Domingo 9:30 Am hasta 5:00Pm,portaldemolinos@galias.com.co,https://galias.com.co/proyectos-en-venta/bogota/paseo-de-la-rivera/,
Bogotá,Boreas 175,"Bóreas 175: Apartamentos VIS en Usaquén, Bogotá
Bienvenido a Bóreas 175, un proyecto de vivienda pensado para familias que buscan comodidad, accesibilidad y un estilo de vida conectado en el norte de la ciudad. Aquí encuentras espacios modernos, seguros y funcionales que aprovechan cada metro cuadrado para brindarte bienestar y calidad de vida.
Ubicación Estratégica
Vive en Usaquén, una zona en crecimiento y con una oferta única de movilidad y servicios.
A pocos minutos de la Autopista Norte, el Portal 170 de TransMilenio y centros comerciales como Santa Fe y Cedritos. Además, tendrás cerca colegios, universidades y clínicas que facilitan tu día a día.
Un conjunto diseñado para el futuro
Bóreas 175 está compuesto por 6 torres de gran altura, con edificios de 27 y 28 pisos y un total de 1422 apartamentos VIS.
Cada torre integra terrazas verdes transitables, excelente iluminación natural y espacios pensados para que vivas con tranquilidad, seguridad y armonía.
Espacios que inspiran vida
El proyecto cuenta con una plataforma comunal central donde convergen actividades para todas las edades. Un espacio creado para compartir, descansar y disfrutar.
Zonas infantiles.
Áreas recreativas al aire libre.
Senderos y espacios verdes.
Edificio comunal con lobby, portería, casilleros y zonas de encuentro.
Además, Bóreas 175 incorpora 500 m² de comercio zonal, perfecto para tener servicios esenciales a pocos pasos de tu hogar.
Tu nuevo comienzo está aquí
Bóreas 175 es un proyecto creado para quienes quieren avanzar, invertir y proyectarse en una zona que sigue transformándose.
No es solo un conjunto residencial: es una nueva manera de vivir el norte de Bogotá, con calidad, diseño y oportunidades reales.
Bóreas 175: una oportunidad con futuro, hecha para ti.",Usaquén,Toberín,Norte,"4,755734","-74,045427",1422,6,,,2028,$300.692.000,"42,75","38,00",1,1,1,Si,"Cancha Múltiple, Terraza BBQ, Gimnasio, Zona de Juegos, Juegos Infantiles, Piscina, Sala de Lectura, Guardería, Terraza transitable, Zonas Verdes, Coworking, Forest Zone, Sauna y Turco, Game Room, Zona de Yoga, Terraza Teppanyaki, Salón Social, Zona de Mascotas",Parqueadero Comunal,Recorrido 360: https://my.matterport.com/show/?m=CVK3BfkmjL8,https://www.youtube.com/watch?v=XGDWU-qysUo,https://galias.com.co/brochures/bogota/Brochure_Boreas175.pdf,https://www.google.com/maps/d/viewer?mid=1MKJMbT2AwObuS9PqzUWOpprxia0pNvE&ll=4.755773300000007%2C-74.0450116&z=17,https://www.waze.com/es/live-map/directions?to=ll.4.75590257%2C-74.04493332,Calle 175 N° 22 – 10,Calle 175 N° 22 – 10,Lunes a Domingo 9:00 Am hasta 5:00 Pm,boreas175@galias.com.co,https://galias.com.co/proyectos-en-venta/bogota/boreas175/,
Mosquera,Brezza  Ciudadela Belari,"Libérate de la ciudad y reconéctate con la naturaleza desde tu nuevo apartamento en Brezza, proyecto VIS con parqueadero privado ubicado en Ciudadela Belari de Mosquera
Brezza es un espacio conformado por 12 torres multifamiliares con una altura de 12 pisos. Conoce aquí la oportunidad perfecta para compartir momentos increíbles en un proyecto que tiene todo lo que siempre buscaste: Múltiples zonas sociales para divertirse y mantener una rutina activa sin salir de casa, Parqueadero totalmente privado para la comodidad de las familias y acceso a puntos de interés del municipio y vías principales que conectan con la Ciudad de Bogotá. ¿Qué esperas para iniciar una nueva historia en contacto con aquello que brinda paz y armonía a tu vida? La conexión con la naturaleza y el tiempo de calidad en familia. Recibe asesoría personalizada ¡Ahora! Aplican subsidios de vivienda.",,,,"4,703770","-74,246933",576,12,,,2026,$234.878.000,"41,62","37,36",1 ó 2,1,,Si,"Juegos Infantiles, Salón de Juegos, Cancha Múltiple, Piscina, Bio Gimnasio, Sauna y Turco, Salón Social, Zona BBQ, Triciclódromo, Gimnasio, Coworking, Zona de Mascotas, Pista de Trote, Salón Lúdico, Terraza Transitable","Parqueadero Propio, Ascesor",,https://www.youtube.com/watch?v=0oEpWN0lQKo,https://galias.com.co/brochures/bogota/Brochure_Brezza_Ciudadela.pdf,"https://www.google.com/maps/dir//Brezza+Ciudadela+-+Sala+de+Ventas+MQW4%2B7J+Mosquera,+Cundinamarca/@4.6957263,-74.2434147,16z/data=!4m5!4m4!1m0!1m2!1m1!1s0x8e3f778a5951d8bd:0xae8e9bdd9bc09635",https://www.waze.com/en/live-map/directions?to=ll.4.695733%2C-74.243395,"Km 1 Vía Mosquera – La Mesa, Junto a Serrezuela Country Club","Av. Calle 13 # 96C – 80, Bogotá D.C",Lunes a Domingo 9:30 Am hasta 5:30Pm,belariciudadela@galias.com.co,https://galias.com.co/proyectos-en-venta/bogota/brezza-ciudadela-belari/,
Cali,Altavista 2000,"¿Buscas que tus sueños pasen al siguiente nivel?
Empieza por tu hogar propio
Materializar tus sueños es el primer paso para vivir una mejor calidad de vida. Conoce Altavista 2000, un lugar donde tu nuevo hogar tiene vista a memorables atardeceres en la ciudad de Cali.
Nuestro proyecto cuenta con 3 torres de hasta 20 pisos, apartamentos con áreas desde 48.85m 2, 2 habitaciones, 1 espacio adaptable y 1 baños. Disfruta también de modernas zonas sociales donde realizarás cualquier tipo de actividad en compañía de tus familiares y amigos. ¿Qué tal compartir en familia de una tarde soleada en la piscina o una mañana llena de ejercicio y entrenamiento en el gimnasio? Tú eliges.
En Altavista 2000 te encuentras en una zona privilegiada de la ciudad, a pocas cuadras de la Autopista Simón Bolívar y a minutos de centros comerciales, centros educativos, clínicas y puntos de interés como restaurantes y vida nocturna.
Cuando vives con altura conoces una mejor calidad de vida en compañía de tu familia. Sé parte de Altavista 2000, tu oportunidad de vivienda propia. 5",Comuna 16,Alborada,Oriente,"3,400528","-76,521556",620,3,,hasta 20 pisos,2026,$237.013.000,"55,55","48,85",2,1,1,Si,"Juegos Infantiles, Zona de Mascotas, Piscina, Pista de Trote, Salón Social, Bio Gimnasio, Cancha Múltiple","Parqueadero Comunal, Ascensor",,,https://galias.com.co/brochures/cali/Brochure_Altavista_2000.pdf,"https://maps.google.com/maps/dir//3.4003611,-76.5214722/@3.4003611,-76.5214722,17z",https://www.waze.com/es/live-map/directions?navigate=yes&utm_expid=.K6QI8s_pTz6FfRdYRPpI3A.0&utm_referrer=https%3A%2F%2Fwww.waze.com%2Flivemap%2Fdirections%3Fnavigate%3Dyes%26latlng%3D3.40048921%252C-76.52171516%26zoom%3D17&to=ll.3.40048921%2C-76.52171516,Carrera 61 N° 26 – 54,Carrera 61 N° 26 – 54,Lunes a Domingo 9:30 Am hasta 5:30 Pm,ventascali@galias.com.co,https://galias.com.co/proyectos-en-venta/cali/altavista-2000/,
Cali,Chipichape 6 35,"Tu inversión inteligente en el corazón de Cali
¿Sueñas con construir un patrimonio sólido y a la vez generar ingresos pasivos? Chipichape 6-35 te presenta la oportunidad perfecta para invertir en un proyecto inmobiliario único, estratégicamente ubicado en el norte de Cali y diseñado para rentas cortas con licencia turística.
Ubicación privilegiada:
Inmerso en el vibrante sector de Chipichape, a solo pasos del Centro Comercial Chipichape, Pacific Mall, supermercados Jumbo y Éxito, Gimnasios, la terminal de transporte, la estación del MIO y el bulevar del río.
Goza de alta conectividad y cercanía a todo lo que necesitas para disfrutar de un estilo de vida moderno y cosmopolita.
550 apartaestudios ideales para rentas cortas:
Cada apartaestudio cuenta con un amplio balcón, perfecto para disfrutar del clima caleño y las vistas panorámicas de la ciudad.
Espacios modernos y funcionales, que puedes dotar para ofrecer una experiencia memorable a tus huéspedes.
Licencia turística que te permitirá generar ingresos pasivos a través de plataformas como Airbnb o Booking.com.
Más de 19 zonas sociales para el ocio y el bienestar:
Piscina con bar, jacuzzi, gimnasio, BBQ, coworking, sports bar, locker room, laundry room y mucho más.
Un completo abanico de opciones para que tus huéspedes disfruten de un tiempo de relax y diversión mientras visitan la ciudad desde la mejor ubicación.
Te asesoramos financieramente:
Contamos con un equipo de expertos que te brindarán asesoría personalizada para obtener el crédito hipotecario que mejor se adapte a tus necesidades.
Flexibilidad en las cuotas para que puedas invertir de manera cómoda y segura.
Chipichape 6-35 No solo una inversión, sino un estilo de vida.",Comuna 2,Santa Mónica,Nor-Occidente,"3,474095","-76,529594",550,2,,,2026,$262.635.000,"32,37","27,69",1,1,,,"Piscina, Coworking, Zona de Mascotas, Lavandería, Bio Gimnasio, Zona BBQ","Parqueadero Comunal, Ascensor",,,https://galias.com.co/brochures/cali/Brochure_Chipichape_6-35.pdf,https://www.google.com/maps/d/embed?mid=1pZINdPvPEiNE2cXhmpv1Co3p4OJWc-M&hl=es-419&ehbc=2E312F,https://www.waze.com/en/live-map/directions?navigate=yes&utm_expid=.K6QI8s_pTz6FfRdYRPpI3A.0&utm_referrer=https%3A%2F%2Fwww.waze.com%2Flivemap%2Fdirections%3Fnavigate%3Dyes%26latlng%3D3.40048921%252C-76.52171516%26zoom%3D17&z=17&to=ll.3.4707873%2C-76.5292981,Av. 6D Norte – Calle 35 Norte,Avenida 6a Norte #28N – 92,Lunes a Domingo 9:30 Am hasta 5:30Pm,chipichape6-35@galias.com.co,https://galias.com.co/proyectos-en-venta/cali/chipichape-6-35/,
Cali,Menga 8-67,"Menga 8-67: Tu inversión inteligente en el norte de Cali
¿Estás buscando un apartamento cómodo, en una buena zona y que además sea una buena inversión? Menga 8-67 es exactamente lo que necesitas. Este proyecto, ubicado en el norte de Cali, ofrece todo lo que una familia o inversionista podría desear, a un precio accesible y con todas las comodidades de un conjunto de lujo.
Ubicación Perfecta para tu Vida Diaria
Vivir en Menga 8-67 significa estar bien conectado:
A solo 20 minutos del aeropuerto, ideal para quienes viajan seguido.
Cerca de avenidas principales como la Av. 8 Norte y la Calle 67 Norte, lo que te permite moverte fácilmente por la ciudad.
En una zona en crecimiento, lo que asegura que tu inversión valdrá más con el tiempo.
Apartamentos Diseñados para tu Comodidad
288 apartamentos en 6 torres, con solo 4 apartamentos por piso, para que tengas más privacidad.
Espacios bien distribuidos y con balcón.
Con opciones de financiamiento y subsidios VIS para que sea más fácil comprar.",Comuna 2,Menga,Nor-Occidente,"3,492183","-76,525793",288,6,,,2027,$252.919.000,"39,21","34,71",1,1,,,"Coworking, Pista de Trote, Gimnasio, Cardio Workout Room, Lavandería, Fireplace, Bikes WorkShop, Piscina, Zona de Mascotas, Bio Gimnasio, Zona de Yoga, Zona BBQ","Parqueadero Comunal, Ascensor",Recorrido 360: https://my.matterport.com/show/?m=jgan2AjHAit,,https://galias.com.co/brochures/cali/Brochure_Menga_8-67.pdf,https://www.google.com/maps/d/embed?mid=1pZINdPvPEiNE2cXhmpv1Co3p4OJWc-M&hl=es-419&ehbc=2E312F&ll=3.470818900000022%2C-76.52921979999999&z=17,https://www.waze.com/en/live-map/directions?navigate=yes&utm_expid=.K6QI8s_pTz6FfRdYRPpI3A.0&utm_referrer=https%3A%2F%2Fwww.waze.com%2Flivemap%2Fdirections%3Fnavigate%3Dyes%26latlng%3D3.40048921%252C-76.52171516%26zoom%3D17&z=17&to=ll.3.4707873%2C-76.5292981,Av. 8 Norte – Calle 67 Norte,Avenida 6a Norte #28N – 92,Lunes a Domingo 9:30Am hasta 5:30Pm,menga8-67@galias.com.co,https://galias.com.co/proyectos-en-venta/cali/menga-8-67/,
Cali,Álamos 70,"Álamos 70: Tu nuevo comienzo en el norte de Cali
¿Buscas una vivienda con excelente ubicación, diseño moderno y que además sea una gran inversión? Álamos 70 es la nueva propuesta VIS del norte de Cali que combina comodidad, conectividad y calidad de vida en un solo lugar.
Ubicación que lo tiene todo
Vivir en Álamos 70 significa estar en una de las zonas con mayor proyección del norte cali:
A pocos minutos del Terminal del MIO y excelentes vías de acceso, lo que te permite moverte fácilmente por la ciudad.
En un entorno de crecimiento urbano que asegura valorización y rentabilidad a futuro.
Apartamentos Diseñados para tu Comodidad
839 apartamentos VIS en 5 torres, con solo 10 apartamentos por piso, para que tengas más privacidad.
Espacios bien distribuidos y con balcón.
Con opciones de financiamiento y subsidios VIS para que sea más fácil comprar.
Cuenta con 47 locales comerciales distribuidos en el primer piso, ideales para que vivas, trabajes o emprendas sin salir de casa.
Espacios comunes para disfrutar
Aquí no solo vivirás, sino que disfrutarás de:
Piscina para adultos y niños, perfectas para relajarte o compartir con amigos.
Gimnasio cubierto y gimnasio al aire libre, para mantenerte en forma sin salir de casa.
Zona de juegos infantiles y zona de mascotas, para disfrutar en familia.
Salón comunal de tres pisos con terraza, ideal para eventos y encuentros.
Zonas verdes y áreas de descanso, que ocupan más del 30% del área total.
Una inversión con propósito
¡Vale la Pena! Comprar en Álamos 70 no es solo tener un apartamento, es asegurar tu futuro:
Precio accesible con opción de subsidios y crédito preferencial.
En una zona en expansión, lo que asegura rentabilidad y crecimiento patrimonial.
Ideal para vivir, invertir o rentar con retorno asegurado.
No es solo un apartamento, es tu espacio, tu futuro, tu inversión inteligente. Vive el norte de Cali desde lo más alto.",Comuna 2,alamos,Nor-Occidente,"3,490787","-76,508087",839,5,,,2028,$270.623.000,"44,85","39,65",1,1,1,1,"Piscina, Salón Social, Bio Gimnasio, Gimnasio, Juegos Infantiles, Cancha Múltiple, Zona de Mascotas, Coworking, Terraza BBQ, Zonas Verdes","Parqueadero Comunal, Ascensor",Recorrido 360: https://my.matterport.com/show/?m=7aPbZcBH6ck,,https://galias.com.co/brochures/cali/Brochure_Alamos_70.pdf,https://www.google.com/maps/d/u/2/edit?mid=1OGTOULyzDrR3ZqHCfDetAdy-zHiaU6s&usp=sharing,https://www.waze.com/en/live-map/directions/co/valle-del-cauca/cali/calle-70-norte-2b-166?place=ChIJ6-DseYaoMI4RZOemRL_QAaA,Calle 70 Norte # 2B – 166,Calle 70 Norte # 2B – 166,Lunes a Domingo 9:30 Am hasta 5:30Pm,alamos70@galias.com.co,https://galias.com.co/proyectos-en-venta/cali/alamos-70/,
Pereira,Alborada de Cuba,"Descubre Alborada de Cuba – Tu nuevo hogar en Pereira
Vive en una ubicación estratégica sobre la Calle 80, en el sector de Cuba, Pereira, rodeado de todo lo que necesitas para disfrutar en familia. ¡Haz realidad tu sueño de tener vivienda propia!
¿Por qué elegir Alborada de Cuba?
Ubicación privilegiada: Cerca de lugares clave como el Parque El Oso, Tiendas D1 y ARA, la Universidad Católica de Pereira y el Hospital San Joaquín.
Espacios diseñados para ti: Disfruta de plazoleta, zonas verdes, triciclódromo, juegos infantiles y un completo sector comercial.
¡Haz parte de Alborada de Cuba y empieza una nueva etapa en tu vida!",,2500 Lotes,,"4,793038","-75,727398",100,5,,,2026,$221.999.000,"45,43","41,33",3,1,,Si,"Juegos Infantiles, Triciclódromo, Plazoleta","Zona Comercial, Zonas Verdes, Plazoleta",,,https://galias.com.co/brochures/pereira/Brochure-Alborada-de-Cuba.pdf,"https://www.google.com/maps/dir//Cl.+75+%2344+Pereira,+Risaralda/@4.7993684,-75.73434,16z/data=!4m5!4m4!1m0!1m2!1m1!1s0x8e387d95cd646709:0x6472d863a19c65fc",https://www.waze.com/live-map/directions/co/risaralda/pereira/bosques-de-cuba?navigate=yes&to=place.ChIJZcUYlZp9OI4RzruPxvnk9R8,Calle 80 – Carrera 46,Calle 75 # 44-60 Local 5 y 6,Lunes a Domingo 9:30 Am hasta 5:30Pm,bosquesdecuba@galias.com.co,https://galias.com.co/proyectos-en-venta/pereira/alborada-de-cuba/,
Pereira,Altavista del Parque,"¿El hogar de tus sueños tiene todo a tu alcance?
Cuando tu propio hogar se ubica en una zona estratégica de la Ciudad de Pereira, tu vida se vuelve mejor. Descúbrelo en Altavista del Parque, tu oportunidad de comprar vivienda de interés social sobre la calle 82, en un sector con excelentes vías principales, transporte público, centros educativos, salud, recreación, parques y comercio.
Conoce ahora un proyecto de apartamentos flexibles donde podrás tener tu hogar soñado desde 1 ó 2 habitación y 1 baño, el lugar ideal para ver la familia crecer y vivir momentos inolvidables y disfrutar de más de 15 zonas sociales.
¡Te rodearás de lo que más te gusta! Vive a un paso de supermercados Tiendas D1, a 10 minutos del Centro Comercial Unicentro y a 15 minutos de Pricesmart, Alkosto y Homecenter. ¿Qué esperas para cumplir tu sueño? Recibe asesoría personalizada y permítenos ser parte del inicio de esta nueva historia. Aplican subsidios de vivienda.",,Altavista,,"4,794452","-75,742760",346,8,,,2028,$239.759.000,"42,38","37,37",1 ó 2,1,,Si,"Juegos Infantiles, Zona BBQ, Zona Picnic, Piscina, Casa de Muñecas, Huerta Urbana, Salón Social, Cancha Múltiple, Golosa, Bio Gimnasio, Triciclódromo, Zona de Juegos, Zona de Mascotas, Arenero","Parqueadero Comunal, Ascensor",,,https://galias.com.co/brochures/pereira/Brochure_Altavista_del_Parque.pdf,https://www.google.com/maps/d/edit?mid=1dwGU_FJXoLMTva8xh7d-0us0Y90m41E&usp=sharing,https://www.waze.com/en/live-map/directions?to=ll.4.8088998%2C-75.74365,Calle 82 #27-05,Avenida 30 de Agosto – Rincón de Unicentro,Lunes a Domingo 9:30 Am hasta 5:30Pm,altavistadelparque@galias.com.co,https://galias.com.co/proyectos-en-venta/pereira/altavista-del-parque/,
Pereira,Bosques De Cuba,"Vivir al natural es la mejor elección para iniciar un nuevo comienzo
Respira aire puro, observa el verde a tu alrededor y vive los privilegios de la ciudad sin el caos y el ruido extremo. Conoce Bosques de cuba 2, un lugar donde vives al natural.
Nuestro proyecto cuenta con espacios desde 41.33m2, 3 habitaciones, 1 baños y más 15 de modernas sociales como coworking, huerta urbana, piscinas, gimnasio trx y zonas bbq o picnic para que compartas en compañía de tu familia y amigos.
Con Bosques de Cuba 2 tienes acceso a varios puntos de interés como colegios, restaurantes, centros comerciales y vías principales. La Avenida Américas te conecta con el transporte público de Pereira, permitiéndote la movilización por toda la ciudad. En tu hogar propio tienes todo a un paso de casa y en contacto con la naturaleza, gracias a los parques naturales que rodean nuestro proyecto y las amplias zonas verdes que encuentras dentro de él.
Conoce Bosques de Cuba 2 y empieza un nuevo comienzo con los privilegios de la ciudad viviendo lo mejor de un paisaje natural en tu propia vivienda.",,Cuba,,"4,790488","-75,726195",440,22,,,2026,$211.390.000,"45,43","41,33",3,1,,Si,"Juegos Infantiles, Zona BBQ, Piscina, Coworking, Salón Social, Cancha Múltiple, Bio Gimnasio, Triciclódromo, Zona de Mascotas, Arenero",Parqueadero Comunal,,,https://galias.com.co/brochures/pereira/BrochureBosquedeCuba-2.pdf,"https://maps.google.com/maps/dir//Cl.+75+%2344+Pereira,+Risaralda/@4.7993684,-75.73434,16z/data=!4m5!4m4!1m0!1m2!1m1!1s0x8e387d95cd646709:0x6472d863a19c65fc",https://www.waze.com/live-map/directions/colombia/risaralda/pereira/bosques-de-cuba?navigate=yes&place=ChIJZcUYlZp9OI4RzruPxvnk9R8,Carrera 46 # 78 – 61,Calle 75 # 44-60 Local 5 y 6,Lunes a Domingo 9:30 Am hasta 5:30Pm,bosquesdecuba@galias.com.co,https://galias.com.co/proyectos-en-venta/pereira/bosques-de-cuba-2/,
Pereira,Brisas de Belmonte,"¿Te gustaría vivir una rutina al alcance de todo?
¡Bienvenido a Brisas de Belmonte, el lugar perfecto para tener tu nuevo hogar en Pereira! Este proyecto de la constructora Galias está ubicado en una zona residencial privilegiada, cercana a instituciones educativas, centros comerciales y al futuro centro de negocios más importante del Eje Cafetero: el World Trade Center.
En Belmonte, encontrarás todo lo que necesitas para una vida cómoda y llena de bienestar. Contamos con apartamentos desde 41.33m2, 3 habitaciones y 1 baños, perfectos para familias modernas que buscan vivir en un espacio amplio y confortable. Además, nuestras zonas sociales son excelentes para compartir momentos especiales con tus seres queridos.
En nuestro proyecto, podrás disfrutar de la tranquilidad que ofrece vivir en una zona segura y de fácil acceso. Con cercanía a las principales vías de transporte de la ciudad, te aseguramos que podrás movilizarte de manera rápida y sencilla.
No lo pienses más y conviértete en parte de Brisas de Belmonte. Aquí, podrás iniciar una nueva historia en un hogar propio y disfrutar de la vida que mereces. Contáctanos para conocer más acerca de nuestro proyecto y de cómo puedes adquirir tu nuevo hogar. ¡Te esperamos!",,Belmonte,,"4,807260","-75,759098",180,9,,,2026,$211.390.000,"45,43","41,33",3,1,,Si,"Juegos Infantiles, Zona BBQ, Mirador, Zona Picnic, Salón Social, Huerta Urbana, Bio Gimnasio, Triciclódromo, Zona de Mascotas, Arenero",Parqueadero Comunal,,https://www.youtube.com/watch?v=-F8YVhGGKoU,https://galias.com.co/brochures/pereira/Brochure_Brisas_de_Belmonte.pdf,https://www.google.com/maps/d/viewer?mid=1hdokzQsGtWCu6DMEmBLigkwLSqWn4FQ&ll=4.808964600000007%2C-75.74427179999999&z=17,https://www.waze.com/en/live-map/directions?to=ll.4.8088998%2C-75.74415,Calle 96 #17-36,Avenida 30 de Agosto – Rincón de Unicentro,Lunes a Domingo 9:30 Am hasta 5:30Pm,brisasdebelmonte@galias.com.co,https://galias.com.co/proyectos-en-venta/pereira/brisas-de-belmonte/,
Pereira,Reserva de Llano Grande,"Bienvenido a Reserva de Llano Grande: tu nuevo hogar en Pereira
Ubicado estratégicamente en el encantador Barrio Parque Mirador de Llano Grande, este proyecto te ofrece una experiencia de vida única. Con 15 torres que se elevan con elegancia sobre el paisaje. Reserva de Llano Grande no solo te ofrece un hogar, sino un estilo de vida. Imagina despertar cada día con la mejor vista a la ciudad de Pereira
Vive cerca de todo lo que necesitas. A tan solo 25 minutos del Estadio Hernán Ramírez Villegas, 10 minutos del Hospital San Joaquín y rodeado de importantes almacenes como Éxito, PriceSmart, Alkosto y Homecenter. Además, estarás a solo 15 minutos del Centro Comercial Unicentro y a 20 minutos del Aeropuerto Matecaña.",,Parque Industrial,,"4,826881","-75,734828",300,15,4,,2026,$195.732.000,,"41,33",3,1,,Si,"Parque Infantil, Cicloruta, Zona Comercial, Salón Comunal, Senderos Peatonales, Cancha Múltiple, Gimnasio Biosaludable, Triciclódromo","Parqueadero Comunal, Zona Comercial",,,https://galias.com.co/brochures/pereira/Brochure-ReservaLlanoGrande.pdf,"https://maps.google.com/maps/dir//4.8268056,-75.7349167/@4.8268056,-75.7349167,16z",https://www.waze.com/live-map/directions?navigate=yes&utm_campaign=waze_website&utm_source=waze_website&utm_medium=lm_share_location&to=ll.4.82701962%2C-75.73455334,Parque Industrial – Sector La Reina,Parque Industrial – Sector La Reina,Lunes a Domingo 9:30 Am hasta 5:30Pm,reservadellanogrande@galias.com.co,https://galias.com.co/proyectos-en-venta/pereira/reserva-de-llano-grande/,
Pereira,Ciudad Campestre,"Ciudad Campestre: El nuevo estándar de vida en Risaralda.
¿Estás cansado del ruido y el estrés de la ciudad? ¿Buscas un lugar tranquilo y seguro para vivir con tu familia? Ciudad Campestre es el lugar perfecto para ti.
Ciudad Campestre es un proyecto de vivienda VIS ubicado en el municipio de Dosquebradas, Risaralda.
Los apartamentos de Ciudad Campestre tienen un área desde 41.24m2 y están diseñados para brindarte todo lo que necesitas para vivir cómodamente. Cuentan con 3 habitaciones, 1 baño, sala-comedor, cocina y zona de lavandería.
Además, el proyecto cuenta con una amplia gama de comodidades y servicios, incluyendo: p iscina para niños y adultos, canchas múltiples, gimnasio biosaludable, zona de juegos infantiles, zona para mascotas, huerta urbana, zona BBQ, etc.
Estas comodidades y servicios te permitirán disfrutar de una vida tranquila y relajada, sin tener que salir de tu hogar.
¿Quieres conocer más sobre Ciudad Campestre? Agenda una cita hoy mismo y descubre tu nuevo hogar.",Dosquebradas,Pradera,,,,1420,71,,,2026,$221.999.000,"45,91","41,24",3,1,,Si,"Juegos infantiles, Cancha Futbol 5, Zona de fogata, Salón Social, Cancha Múltiple, Zona de Juegos, Zona BBQ, Biogimnasio, Piscina, Zona de picnic, Triciclódromo, Avistamiento de aves, Zona de Mascotas, Huerta urbana",,,,https://galias.com.co/brochures/pereira/Brochure%20Ciudad%20Campestre.pdf,https://www.google.com/maps/d/u/1/edit?mid=1YXJZtlxdZxpZepnAAE8E88Zwq8Xa1jI&usp=sharing,https://www.waze.com/es/live-map/directions/co/risaralda/dosquebradas/av.-simon-bolivar-17-14?to=place.ChIJbyf7-8yAOI4RHKW2n39dNNE,"Dos Quebradas, sobre la Av. La Esperanza",C.C Burano Mall – Av. Simón Bolívar #17-13,Lunes a Domingo 9:30 Am hasta 5:30Pm,ciudadcampestre@galias.com.co,https://galias.com.co/proyectos-en-venta/pereira/ciudad-campestre/,
Manizales,Heliconias Ciudad Floral,"¡ Descubre Heliconias VIP en la Mega Ciudad Floral!
Un proyecto residencial con todo lo que necesitas para disfrutar al máximo.
¿Buscas un hogar que te ofrezca todo lo que necesitas para vivir al máximo? Entonces Heliconias VIP es el lugar perfecto para ti.
Este proyecto residencial ubicado en la vibrante Ciudadela Floral de Villamaría, Caldas, cuenta con 67 torres y 1,340 unidades de vivienda VIP distribuidas en 5 etapas.
Su ubicación estratégica te permite estar rodeado de naturaleza, lo que te permite disfrutar de tranquilidad y contacto con la naturaleza a pocos minutos de Villamaría – Caldas. Desde tu apartamento, podrás contemplar las hermosas montañas y los verdes campos que rodean el proyecto.
Heliconias VIP también cuenta con una amplia variedad de zonas sociales para que disfrutes al máximo de tu tiempo libre:
Piscina, Sauna, Salón social, Juegos infantiles, Bio gimnasio, Cancha múltiple, etc.
¿Quieres conocer más sobre Heliconias VIP? ¡Contáctanos ahora para reservar tu espacio exclusivo!",,,,,,1340,67,,,2026,$177.599.000,"38,48","34,99",2,1,,,"Piscina, Zona BBQ, Zona de Fogata, Sauna y Turco, Zona Picnic, Pista de Trote, Juegos infantiles, Mirador, Huerta urbana, Salón Social, Bio Gimnasio, Cancha Futbol 5, Casa de Muñecas, Cancha Múltiple, Zona de Mascotas",,,,https://galias.com.co/brochures/manizales/Brochure%20Heliconias.pdf,https://www.google.com/maps/d/u/0/viewer?mid=1jyaPn9jPF6F_nKGKlarUpBMKNi_jzZU&ll=5.064645600264138%2C-75.49884030433627&z=20,https://www.waze.com/es/live-map/directions/co/caldas/manizales/las-galias?to=place.ChIJDU782w5vR44RATPgsplVzMk,Villamaria Caldas – Sector la Floresta,Av. Santander Cra 23 No. 48-139,Lunes a Domingo 9:30 Am hasta 5:30Pm,ciudadfloral@galias.com.co,https://galias.com.co/proyectos-en-venta/manizales/heliconias-ciudad-floral/,
Manizales,Foresta de la Sultana,"Flexihogar: La nueva vivienda para las familias modernas.
Encontrar un espacio que se adapte a las transformaciones que tiene nuestra vida es todo un reto. La llegada de un nuevo integrante a la familia puede hacer que todo cambie drásticamente. Para ello, Las Galias ha creado Foresta de la Sultana, proyecto de apartamentos flexibles desde 41,38 m2 con 2 habitaciones, 1 Disponible y 1 baño que puedes adaptar como quieras. Además cuentas con más de modernas 10 zonas sociales para salir de la rutina en espacios como la huerta urbana, el biogimnasio o la zona bbq para una increíble tarde con amigos.
Tu flexihogar tiene una increíble vista a la reserva de Río Blanco y ubicación privilegiada en la ciudad de Manizales ¿Qué esperas para darle el sí a un hogar que se adapta a cada etapa de tu vida? Recibe ahora asesoría personalizada y conoce más información sobre este proyecto con nuestros consultores.",Comuna 1 Atardeceres,La Francia,,"5,061035","-75,469485",360,2,,,2026,$211.390.000,"46,76","41,38",2,1,1,Si,"Juegos Infantiles, Triciclódromo, Coworking, Billar, Bio Gimnasio, Golosa, Salón Social, Zona BBQ, Zona de Juegos, Futbolín, Huerta Urbana, Mirador, Casa de Muñecas","Parqueadero Comunal, Ascensor",,,,https://www.google.com/maps/d/viewer?mid=1jyaPn9jPF6F_nKGKlarUpBMKNi_jzZU&ll=5.064645600264138%2C-75.49884030433627&z=20,https://www.waze.com/es/live-map/directions/co/caldas/manizales/las-galias?to=place.ChIJDU782w5vR44RATPgsplVzMk,Calle 69 #8-30,Av. Santander Cra 23 No. 48-139,Lunes a Domingo 9:30 Am hasta 5:30Pm,forestadelasultana@galias.com.co,https://galias.com.co/proyectos-en-venta/manizales/foresta-de-la-sultana/,
Manizales,Mirador de los Alcázares,"Tu hogar VIP cerca de todo y en armonía con la naturaleza. ¡Descúbrelo!
¿Te pasa que si estás al contacto del medio ambiente, estás alejado de los privilegios de la ciudad y viceversa? Ten lo mejor de dos mundos en tu nuevo hogar. Las Galias te presenta Mirador de los Alcázares, tu oportunidad de vivienda propia.
Nuestro proyecto cuenta con 4 torres, apartamentos con áreas desde 30.15m2, 1 habitaciones, 1 disponible y 1 un baño. Disfruta de más de 10 modernas zonas sociales como la huerta urbana, zona de mascotas, juegos infantiles, gimnasio trx, zona de miradores y de juegos, todo en compañía de tus familiares y amigos.
Mirador de los Alcázares está ubicado en una zona privilegiada de Manizales donde tienes alcance a todo lo que tu familia necesita. Te encuentras a 5 minutos del centro de la ciudad, cuentas con acceso inmediato al transporte público y estás a pocos minutos de sectores comerciales y parque naturales.
Tu nuevo hogar está en modo natural, haz clic con el medio ambiente y mejora la calidad de vida de los que amas.",Otras,Alcazares,,"5,065682","-75,527012",954,4,,,2026,$157.582.000,"35,60","30,15",1,1,1,,"Juegos Infantiles, Zona de Mascotas, Huerta Urbana, Salón Social, Cancha Multiple, Zona de Fogata, Zona BBQ, Mirador, Zona de Juegos, Arenero, Gimnasio TRX, Coworking, Zona Picnic, Casa de Muñecas, Biogimnasio","Parqueadero Comunal, Zona Comercial, Ascensor",,,https://galias.com.co/brochures/manizales/Info%20Mirador%20de%20Los%20Alc%C3%A1zares.pdf,https://www.google.com/maps/d/viewer?mid=1jyaPn9jPF6F_nKGKlarUpBMKNi_jzZU&ll=5.064645600264138%2C-75.49884030433627&z=20,https://www.waze.com/es/live-map/directions/co/caldas/manizales/las-galias?to=place.ChIJDU782w5vR44RATPgsplVzMk,Calle 5 # 25-60,Av. Santander Cra 23 No. 48-139,Lunes a Domingo 9:30 Am hasta 5:30Pm,miradordelosalcazares@galias.com.co,https://galias.com.co/proyectos-en-venta/manizales/mirador-de-los-alcazares/,
Manizales,Portal de los Cambulos,"Rodearse bien es abrir las puertas a una mejor calidad de vida
El bienestar que buscas para tu familia se encuentra cuando escoges el lugar indicado para iniciar una nueva historia. Las Galias te presenta Portal de Cámbulos, un lugar donde tu nuevo hogar se rodea de todo lo que necesitas.
Nuestro proyecto cuenta con 3 torres, apartamentos con áreas desde 44.71m2, 3 habitaciones, 1 baño, 1 disponible y modernas zonas sociales para que compartas en familia de espacios como el gimnasio biosaludable, los juegos infantiles y la cancha múltiple.
Disfruta de tener todo a tu alcance, en Portal de los Cámbulos tienes acceso a movilización y transporte público gracias a la Vía Panamericana, ubicada a un paso del proyecto y que te conecta con puntos de interés como el Terminal de transporte de Manizales o la Estación de cable aéreo.
Una mejor calidad de vida para los tuyos es lo que siempre soñaste. Conoce Portal de los Cámbulos y tu nuevo hogar se hará cargo de hacerlo realidad.",Otras,La Castellana,,"5,047327","-75,505959",532,3,,,2026,$211.390.000,"52,03","44,71",2,1,1,Si,"Juegos Infantiles, Bio Gimnasio, Cancha Múltiple, Zonas Verdes","Parqueadero Comunal, Senderos Peatonales",,,https://galias.com.co/brochures/manizales/CAMBULOS.pdf,https://www.google.com/maps/d/viewer?mid=1jyaPn9jPF6F_nKGKlarUpBMKNi_jzZU&ll=5.064645600264138%2C-75.49884030433627&z=20,https://www.waze.com/es/live-map/directions/co/caldas/manizales/las-galias?to=place.ChIJDU782w5vR44RATPgsplVzMk,Carrera 43 # 66- 74,Av. Santander Cra 23 No. 48-139,Lunes a Domingo 9:30 Am hasta 5:30Pm,portaldeloscambulos@galias.com.co,https://galias.com.co/proyectos-en-venta/manizales/portal-de-los-cambulos/,
Bogotá,Boreas 175 II,"Bóreas 175 II: Apartamentos VIS en Usaquén, Bogotá
Bienvenido a Bóreas 175 II, un proyecto de vivienda pensado para familias que buscan comodidad, accesibilidad y un estilo de vida conectado en el norte de la ciudad. Aquí encuentras espacios modernos, seguros y funcionales que aprovechan cada metro cuadrado para brindarte bienestar y calidad de vida.
Ubicación Estratégica
Vive en Usaquén, una zona en crecimiento y con una oferta única de movilidad y servicios.
A pocos minutos de la Autopista Norte, el Portal 170 de TransMilenio y centros comerciales como Santa Fe y Cedritos. Además, tendrás cerca colegios, universidades y clínicas que facilitan tu día a día.
Un conjunto diseñado para el futuro
Bóreas 175 II está compuesto por 3 torres de gran altura, con edificios de 27 y 28 pisos y un total de 783 apartamentos VIS.
Cada torre integra terrazas verdes transitables, excelente iluminación natural y espacios pensados para que vivas con tranquilidad, seguridad y armonía.
Espacios que inspiran vida
El proyecto cuenta con una plataforma comunal central donde convergen actividades para todas las edades. Un espacio creado para compartir, descansar y disfrutar.
Zonas infantiles.
Áreas recreativas al aire libre.
Senderos y espacios verdes.
Edificio comunal con lobby, portería, casilleros y zonas de encuentro.
Además, Bóreas 175 II incorpora 500 m² de comercio zonal, perfecto para tener servicios esenciales a pocos pasos de tu hogar.
Tu nuevo comienzo está aquí
Bóreas 175 II es un proyecto creado para quienes quieren avanzar, invertir y proyectarse en una zona que sigue transformándose.
No es solo un conjunto residencial: es una nueva manera de vivir el norte de Bogotá, con calidad, diseño y oportunidades reales.
Bóreas 175 II: una oportunidad con futuro, hecha para ti.",,,,,,783,3,,,2028,$300.692.000,"42,70","37,85",1,1,1,Si,"Piscina, Terraza BBQ, Zona de Fogata, Juegos Infantiles, Gimnasio, Pista de Trote, Terraza transitable, Coworking, Forest Zone, Zona de Juegos, Salón Social, Cancha Múltiple, Terraza Teppanyaki",Parqueadero Comunal,Recorrido 360: https://my.matterport.com/show/?m=CVK3BfkmjL8,https://www.youtube.com/watch?v=XGDWU-qysUo,https://galias.com.co/brochures/bogota/Brochure_Boreas175_II.pdf,https://www.google.com/maps/d/viewer?mid=1MKJMbT2AwObuS9PqzUWOpprxia0pNvE&ll=4.755773300000007%2C-74.0450116&z=17,https://www.waze.com/es/live-map/directions?to=ll.4.75590257%2C-74.04493332,Calle 175 N° 22 – 10,Calle 175 N° 22 – 10,Lunes a Domingo 9:00 Am hasta 5:00 Pm,boreas175@galias.com.co,https://galias.com.co/proyectos-en-venta/bogota/boreas-175-ii/,No estaba en la tabla original; aparece en el listado de galias.com.co.
Bogotá,Parque Central Fontibón 2,"¿Buscas el lugar correcto para iniciar una nueva historia?
Sabes que estás en lugar indicado cuando tienes una sensación de confianza y tranquilidad, algo así como estar de nuevo en casa. Conoce Parque Central de Fontibón ll, tu oportunidad de vivienda propia.
Nuestro proyecto cuenta con espacios desde 38.00m²,2 habitaciones, 1 baño e increíbles zonas sociales como piscina para adultos y niños, gimnasios, parque infantil y terrazas transitables para que compartas de atardeceres capitalinos en familia.
Disfruta de una ubicación privilegiada en Fontibón, sector que ha crecido exponencialmente los últimos años gracias al comercio e industrialización de la zona que te permite cercanía al transporte público y las vías principales como Av. Calle 13, vía que te conecta con municipios aledaños a Bogotá como Mosquera y Funza.
Es hora de darle un lugar correcto a tus sueños, Parque Central Fontibón ll espera por ti.",,,,,,816,3,,,,$213.525.000,"42,21","38,00",2,1,,,"Parque Infantil, Piscina, Salón Social, Gimnasio, Bio Gimnasio, Zona BBQ, Terraza Transitable, Piscina para adultos, Gimnasio Semidotado, Salón Comunal, Gimnasio Biosaludable, Terrazas Transitables","Año de entrega: 2024, Parqueadero Comunal, Terraza Transitable, Ascensor",,https://www.youtube.com/watch?v=37P-DHzOa1c,,"https://maps.google.com/maps/dir//Cra.+100+%2316c-80+Fontib%C3%B3n+Bogot%C3%A1/@4.6700316,-74.1491523,16z/data=!4m5!4m4!1m0!1m2!1m1!1s0x8e3f9cf518686371:0x1ce1c57717c7d826",https://www.waze.com/live-map/directions?latlng=4.6703661%2C-74.1470234&navigate=yes,Carrera 100 # 16c-80,Carrera 100 # 16c-80,Lunes a Domingo 9:30 Am hasta 5:30 Pm,parquecentralfontibon@galias.com.co,https://galias.com.co/proyectos-en-venta/bogota/parque-central-fontibon-2/,No estaba en la tabla original; aparece en el listado de galias.com.co.
,,,,,,,,,,,,,,,,,,,,,,,,,,,,,,,,
"Fuente: fichas de proyecto en galias.com.co, consultadas el 2026-09-15. Las 5 filas sombreadas al final están en galias.com.co pero no en la tabla original. Correo decodificado de la protección de Cloudflare del sitio.",,,,,,,,,,,,,,,,,,,,,,,,,,,,,,,,